timestamp,WU,SAWU,w_util,r_util,g_util,old,yng,std
1125000,0.577333,0.577333,0.073333,0.200000,19632140753754390528.000000,0,0,0.000000
2250000,0.577333,0.577333,0.073333,0.200000,19632140753754390528.000000,0,0,0.000000
3375000,0.577333,0.577333,0.073333,0.200000,19632140753754390528.000000,0,0,0.000000
4500000,0.577333,0.577333,0.073333,0.200000,19632140753754390528.000000,0,0,0.000000
5625000,0.577333,0.577333,0.073333,0.200000,19632140753754390528.000000,0,0,0.000000
6750000,0.577333,0.577333,0.073333,0.200000,19632140753754390528.000000,0,0,0.000000
7875000,0.577333,0.577333,0.073333,0.200000,19632140753754390528.000000,0,0,0.000000
9000000,0.577333,0.577333,0.073333,0.200000,19632140753754390528.000000,0,0,0.000000
10125000,0.577333,0.577333,0.073333,0.200000,19632140753754390528.000000,0,0,0.000000
11250000,0.577333,0.577333,0.073333,0.200000,19632140753754390528.000000,0,0,0.000000
12375000,0.577333,0.577333,0.073333,0.200000,19632140753754390528.000000,0,0,0.000000
13500000,0.577333,0.577333,0.073333,0.200000,19632140753754390528.000000,0,0,0.000000
14625000,0.577333,0.577333,0.073333,0.200000,19632140753754390528.000000,0,0,0.000000
15750000,0.577333,0.577333,0.073333,0.200000,19632140753754390528.000000,0,0,0.000000
16875000,0.577333,0.577333,0.073333,0.200000,19632140753754390528.000000,0,0,0.000000
18000000,0.577333,0.577333,0.073333,0.200000,19632140753754390528.000000,0,0,0.000000
19125000,0.577333,0.577333,0.073333,0.200000,19632140753754390528.000000,0,0,0.000000
20250000,0.577333,0.577333,0.073333,0.200000,19632140753754390528.000000,0,0,0.000000
21375000,0.577333,0.577333,0.073333,0.200000,19632140753754390528.000000,0,0,0.000000
22500000,0.577333,0.577333,0.073333,0.200000,19632140753754390528.000000,0,0,0.000000
23625000,0.577333,0.577333,0.073333,0.200000,19632140753754390528.000000,0,0,0.000000
24750000,0.577333,0.577333,0.073333,0.200000,19632140753754390528.000000,0,0,0.000000
25875000,0.577333,0.577333,0.073333,0.200000,19632140753754390528.000000,0,0,0.000000
27000000,0.586587,0.586587,0.073333,0.200000,0.022222,1,0,0.099499
28125000,0.586587,0.586587,0.072673,0.200440,0.022222,1,0,0.140000
29250000,0.586587,0.586587,0.072673,0.202000,0.022222,1,0,0.170587
30375000,0.586587,0.586587,0.072673,0.202900,0.029496,1,0,0.217945
31500000,0.586587,0.586587,0.072673,0.203960,0.027071,1,0,0.237487
32625000,0.586587,0.586587,0.072673,0.204180,0.031920,1,0,0.255147
33750000,0.586587,0.586587,0.072673,0.204940,0.031920,1,0,0.286182
34875000,0.586587,0.586587,0.072673,0.205020,0.034344,1,0,0.300000
36000000,0.586587,0.586587,0.072673,0.205220,0.034344,1,0,0.312890
37125000,0.586587,0.586587,0.072673,0.205520,0.027071,1,0,0.336304
38250000,0.586587,0.586587,0.072673,0.205700,0.034344,1,0,0.346987
39375000,0.586587,0.586587,0.072673,0.205620,0.031920,1,0,0.357071
40500000,0.586587,0.586587,0.072673,0.205700,0.034344,1,0,0.375633
41625000,0.586587,0.586587,0.072673,0.205860,0.034344,1,0,0.384187
42750000,0.586587,0.586587,0.072673,0.205800,0.034344,1,0,0.392301
43875000,0.595840,0.595840,0.072673,0.205780,0.034944,2,0,0.453762
45000000,0.595840,0.595840,0.072013,0.207660,0.034944,2,0,0.481248
46125000,0.595840,0.595840,0.072013,0.208780,0.036649,2,0,0.486929
47250000,0.595840,0.595840,0.072673,0.208240,0.036769,2,0,0.497494
48375000,0.595840,0.595840,0.072673,0.207540,0.036769,2,0,0.502394
49500000,0.595840,0.595840,0.072673,0.207000,0.036769,2,0,0.507050
50625000,0.595840,0.595840,0.072673,0.206740,0.036649,2,0,0.534696
51750000,0.595840,0.595840,0.072673,0.207600,0.039193,2,0,0.538517
52875000,0.595840,0.595840,0.072673,0.206840,0.039193,2,0,0.545527
54000000,0.595840,0.595840,0.072673,0.206760,0.039907,2,0,0.566657
55125000,0.595840,0.595840,0.072013,0.206840,0.039767,2,0,0.586856
56250000,0.595840,0.595840,0.072013,0.208380,0.041618,2,0,0.591946
57375000,0.595840,0.595840,0.072673,0.207780,0.039907,2,0,0.610819
58500000,0.595840,0.595840,0.072013,0.207820,0.039767,2,0,0.628967
59625000,0.595840,0.595840,0.072013,0.209440,0.040620,3,0,0.663325
60750000,0.605093,0.605093,0.071353,0.208920,0.041298,3,0,0.664756
61875000,0.605093,0.605093,0.072673,0.209920,0.041618,3,0,0.666033
63000000,0.605093,0.605093,0.072673,0.208340,0.042178,3,0,0.697424
64125000,0.605093,0.605093,0.072013,0.209040,0.042178,3,0,0.712390
65250000,0.605093,0.605093,0.072013,0.209700,0.042898,3,0,0.754387
66375000,0.605093,0.605093,0.071593,0.210360,0.042738,3,0,0.780769
67500000,0.605093,0.605093,0.071353,0.212460,0.043682,3,0,0.780961
68625000,0.605093,0.605093,0.072673,0.211680,0.042178,3,0,0.806164
69750000,0.605093,0.605093,0.072013,0.211760,0.044589,3,0,0.818291
70875000,0.605093,0.605093,0.072013,0.211760,0.044589,3,0,0.841665
72000000,0.605093,0.605093,0.072013,0.211480,0.044589,3,0,0.852936
73125000,0.605093,0.605093,0.072013,0.211400,0.046267,3,0,0.852291
74250000,0.605093,0.605093,0.072673,0.210780,0.047000,3,0,0.873842
75375000,0.605093,0.605093,0.072013,0.210400,0.047000,3,0,0.884251
76500000,0.605093,0.605093,0.072013,0.211040,0.047000,3,0,0.894427
77625000,0.605093,0.605093,0.072013,0.211080,0.050151,3,0,0.924986
78750000,0.605093,0.605093,0.071353,0.211920,0.051582,3,0,0.934398
79875000,0.614347,0.614347,0.072013,0.212380,0.049711,4,0,0.983616
81000000,0.614347,0.614347,0.071353,0.214640,0.047533,4,0,1.002198
82125000,0.614347,0.614347,0.071353,0.215300,0.051582,4,0,1.028397
83250000,0.614347,0.614347,0.071413,0.215400,0.051822,4,0,1.036292
84375000,0.614347,0.614347,0.072013,0.214720,0.052569,4,0,1.053566
85500000,0.614347,0.614347,0.071353,0.215320,0.051822,4,0,1.068456
86625000,0.614347,0.614347,0.072013,0.214540,0.052569,4,0,1.084943
87750000,0.614347,0.614347,0.071353,0.214560,0.054987,4,0,1.107926
88875000,0.614347,0.614347,0.071353,0.214080,0.054727,4,0,1.123565
90000000,0.614347,0.614347,0.071353,0.214720,0.054467,4,0,1.162583
91125000,0.614347,0.614347,0.070753,0.217360,0.057124,4,0,1.177243
92250000,0.614347,0.614347,0.071353,0.217020,0.056364,4,0,1.183216
93375000,0.614347,0.614347,0.072013,0.215620,0.054727,4,0,1.211446
94500000,0.614347,0.614347,0.071353,0.216360,0.054727,4,0,1.225194
95625000,0.614347,0.614347,0.071353,0.216720,0.056644,4,0,1.235921
96750000,0.614347,0.614347,0.072013,0.215400,0.057404,4,0,1.249160
97875000,0.614347,0.614347,0.071353,0.215480,0.057124,4,0,1.274990
99000000,0.614347,0.614347,0.071353,0.215560,0.058756,4,0,1.279805
100125000,0.614347,0.614347,0.072013,0.215120,0.058756,4,0,1.296881
101250000,0.614347,0.614347,0.071593,0.215660,0.059822,4,0,1.309045
102375000,0.614347,0.614347,0.071353,0.215060,0.057124,4,0,1.321022
103500000,0.614347,0.614347,0.071353,0.215900,0.057124,4,0,1.344433
104625000,0.614347,0.614347,0.071353,0.216700,0.060289,4,0,1.363232
105750000,0.614347,0.614347,0.070693,0.217540,0.060289,4,0,1.392695
106875000,0.614347,0.614347,0.070693,0.218260,0.057604,4,0,1.410638
108000000,0.614347,0.614347,0.070693,0.219900,0.062693,4,0,1.438715
109125000,0.614347,0.614347,0.070693,0.219680,0.061600,4,0,1.448999
110250000,0.614347,0.614347,0.071353,0.219600,0.062373,4,0,1.482700
111375000,0.614347,0.614347,0.070693,0.220000,0.061600,4,0,1.492481
112500000,0.614347,0.614347,0.071353,0.220100,0.063978,4,0,1.518255
113625000,0.614347,0.614347,0.071353,0.221140,0.065098,4,0,1.534145
114750000,0.614347,0.614347,0.070693,0.220200,0.065569,4,0,1.552417
115875000,0.614347,0.614347,0.072013,0.221240,0.064658,4,0,1.561378
117000000,0.614347,0.614347,0.071353,0.218800,0.067142,4,0,1.591572
118125000,0.614347,0.614347,0.070693,0.220200,0.067142,4,0,1.606362
119250000,0.614347,0.614347,0.070693,0.220740,0.067502,4,0,1.629233
120375000,0.614347,0.614347,0.070693,0.220340,0.067142,4,0,1.643502
121500000,0.614347,0.614347,0.070693,0.220820,0.067502,4,0,1.665503
122625000,0.623600,0.623600,0.070693,0.220660,0.067929,5,0,1.685230
123750000,0.623600,0.623600,0.070033,0.222520,0.069147,5,0,1.718022
124875000,0.623600,0.623600,0.070693,0.224000,0.067142,5,0,1.731214
126000000,0.623600,0.623600,0.070693,0.223640,0.068733,5,0,1.751428
127125000,0.623600,0.623600,0.071353,0.223060,0.070700,5,0,1.769859
128250000,0.623600,0.623600,0.070033,0.223460,0.072711,5,0,1.800445
129375000,0.623600,0.623600,0.070033,0.223820,0.072311,5,0,1.818213
130500000,0.623600,0.623600,0.070033,0.225580,0.071911,5,0,1.842254
131625000,0.623600,0.623600,0.070693,0.225280,0.071911,5,0,1.854077
132750000,0.623600,0.623600,0.070693,0.224560,0.071511,5,0,1.882657
133875000,0.623600,0.623600,0.070693,0.225260,0.072711,5,0,1.899342
135000000,0.623600,0.623600,0.070033,0.225080,0.073911,6,0,1.926941
136125000,0.632853,0.632853,0.069373,0.224680,0.069560,6,0,1.943091
137250000,0.632853,0.632853,0.070033,0.226980,0.075102,6,0,1.969772
138375000,0.632853,0.632853,0.070033,0.226760,0.073876,6,0,1.980379
139500000,0.632853,0.632853,0.070693,0.225300,0.073876,6,0,2.006265
140625000,0.632853,0.632853,0.070693,0.225760,0.072711,6,0,2.021484
141750000,0.632853,0.632853,0.070093,0.226200,0.073489,6,0,2.036762
142875000,0.632853,0.632853,0.071353,0.224400,0.074682,6,0,2.066301
144000000,0.632853,0.632853,0.070033,0.225560,0.076240,6,0,2.076030
145125000,0.632853,0.632853,0.070693,0.226080,0.077053,6,0,2.104733
146250000,0.632853,0.632853,0.070033,0.226540,0.073876,6,0,2.114143
147375000,0.632853,0.632853,0.070693,0.226480,0.076240,6,0,2.137381
148500000,0.632853,0.632853,0.070693,0.226580,0.077493,6,0,2.151162
149625000,0.632853,0.632853,0.070033,0.226760,0.077867,6,0,2.182911
150750000,0.632853,0.632853,0.069373,0.227880,0.078144,6,0,2.191712
151875000,0.632853,0.632853,0.070693,0.227760,0.077053,6,0,2.218107
153000000,0.632853,0.632853,0.070033,0.228060,0.080244,6,0,2.248466
154125000,0.632853,0.632853,0.069373,0.228180,0.079784,6,0,2.265635
155250000,0.632853,0.632853,0.069373,0.230440,0.080244,6,0,2.295104
156375000,0.632853,0.632853,0.069373,0.230540,0.078144,6,0,2.303128
157500000,0.632853,0.632853,0.070693,0.229740,0.080604,7,0,2.340428
158625000,0.642107,0.642107,0.068713,0.232000,0.081662,7,0,2.356671
159750000,0.642107,0.642107,0.069373,0.232940,0.079784,7,0,2.388703
160875000,0.642107,0.642107,0.069373,0.233420,0.082142,7,0,2.420145
162000000,0.642107,0.642107,0.069373,0.233900,0.084500,7,0,2.435652
163125000,0.642107,0.642107,0.069373,0.234360,0.085500,7,0,2.458129
164250000,0.642107,0.642107,0.069373,0.231720,0.083667,7,0,2.469231
165375000,0.642107,0.642107,0.070033,0.232060,0.086538,7,0,2.491164
166500000,0.642107,0.642107,0.070033,0.230920,0.086538,7,0,2.512747
167625000,0.642107,0.642107,0.070033,0.230320,0.085000,7,0,2.527370
168750000,0.642107,0.642107,0.069373,0.230560,0.087698,7,0,2.560156
169875000,0.642107,0.642107,0.068713,0.231760,0.087829,7,0,2.570505
171000000,0.642107,0.642107,0.069673,0.232340,0.086018,7,0,2.594822
172125000,0.642107,0.642107,0.070033,0.233240,0.088369,7,0,2.618759
173250000,0.651360,0.651360,0.070033,0.232780,0.089058,8,0,2.640075
174375000,0.651360,0.651360,0.068053,0.234760,0.090062,8,0,2.670880
175500000,0.651360,0.651360,0.068713,0.235180,0.089756,8,0,2.693770
176625000,0.651360,0.651360,0.069373,0.233880,0.090062,8,0,2.710628
177750000,0.651360,0.651360,0.068713,0.235800,0.087378,8,0,2.732966
178875000,0.651360,0.651360,0.069373,0.234180,0.086858,8,0,2.745833
180000000,0.651360,0.651360,0.068833,0.235240,0.086338,8,0,2.774887
181125000,0.651360,0.651360,0.069373,0.235440,0.086338,8,0,2.803498
182250000,0.651360,0.651360,0.069373,0.237160,0.091573,8,0,2.815867
183375000,0.651360,0.651360,0.069373,0.235740,0.091280,8,0,2.833285
184500000,0.651360,0.651360,0.070033,0.233280,0.091449,8,0,2.860961
185625000,0.651360,0.651360,0.068053,0.233920,0.090453,8,0,2.872908
186750000,0.651360,0.651360,0.069373,0.234800,0.091867,8,0,2.903447
187875000,0.651360,0.651360,0.068713,0.235940,0.088676,8,0,2.930118
189000000,0.651360,0.651360,0.069373,0.238040,0.089216,8,0,2.941615
190125000,0.651360,0.651360,0.069373,0.236400,0.091867,8,0,2.971111
191250000,0.651360,0.651360,0.068713,0.236980,0.091573,8,0,2.993509
192375000,0.651360,0.651360,0.069373,0.237880,0.092427,8,0,3.007923
193500000,0.651360,0.651360,0.068713,0.236580,0.094791,8,0,3.033150
194625000,0.651360,0.651360,0.068713,0.238340,0.091867,8,0,3.047276
195750000,0.651360,0.651360,0.068053,0.238100,0.095956,8,0,3.078490
196875000,0.651360,0.651360,0.068713,0.240080,0.098022,8,0,3.106042
198000000,0.651360,0.651360,0.068053,0.239580,0.094791,8,0,3.130032
199125000,0.651360,0.651360,0.068713,0.239800,0.097422,8,0,3.146680
200250000,0.651360,0.651360,0.068053,0.241120,0.091867,8,0,3.173327
201375000,0.651360,0.651360,0.068713,0.242160,0.098900,8,0,3.199625
202500000,0.651360,0.651360,0.068713,0.241760,0.098900,8,0,3.212646
203625000,0.651360,0.651360,0.068713,0.240640,0.098027,8,0,3.235352
204750000,0.651360,0.651360,0.069373,0.239740,0.100604,8,0,3.263909
205875000,0.660613,0.660613,0.068713,0.240500,0.103004,9,0,3.282621
207000000,0.660613,0.660613,0.068113,0.242720,0.099773,9,0,3.310589
208125000,0.660613,0.660613,0.068053,0.242780,0.097422,9,0,3.338203
209250000,0.660613,0.660613,0.068053,0.242760,0.099153,9,0,3.353371
210375000,0.660613,0.660613,0.068053,0.244480,0.098280,9,0,3.380459
211500000,0.660613,0.660613,0.068713,0.244220,0.101484,9,0,3.410146
212625000,0.660613,0.660613,0.068053,0.244880,0.103004,9,0,3.439463
213750000,0.660613,0.660613,0.067393,0.245300,0.099964,9,0,3.451087
214875000,0.660613,0.660613,0.068833,0.244860,0.103362,9,0,3.468372
216000000,0.660613,0.660613,0.069373,0.241160,0.104476,9,0,3.494052
217125000,0.660613,0.660613,0.068053,0.241240,0.105253,9,0,3.519432
218250000,0.660613,0.660613,0.068713,0.242900,0.107720,9,0,3.536254
219375000,0.660613,0.660613,0.067393,0.243460,0.104702,9,0,3.566778
220500000,0.660613,0.660613,0.067393,0.244360,0.103816,9,0,3.594149
221625000,0.660613,0.660613,0.068053,0.245900,0.100027,9,0,3.610485
222750000,0.660613,0.660613,0.068053,0.247700,0.105253,9,0,3.634612
223875000,0.660613,0.660613,0.068713,0.244960,0.106827,9,0,3.658469
225000000,0.669867,0.669867,0.068053,0.246320,0.103382,10,0,3.692912
226125000,0.669867,0.669867,0.067393,0.248100,0.105467,10,0,3.705928
227250000,0.669867,0.669867,0.068713,0.246660,0.107720,10,0,3.731741
228375000,0.669867,0.669867,0.067393,0.248660,0.107040,10,0,3.759934
229500000,0.669867,0.669867,0.067393,0.246980,0.107933,10,0,3.790449
230625000,0.669867,0.669867,0.066733,0.248400,0.107978,10,0,3.805576
231750000,0.669867,0.669867,0.068053,0.250820,0.107040,10,0,3.832962
232875000,0.669867,0.669867,0.067393,0.250140,0.106147,10,0,3.857461
234000000,0.669867,0.669867,0.068053,0.248680,0.106827,10,0,3.879123
235125000,0.669867,0.669867,0.068053,0.248060,0.105680,10,0,3.910806
236250000,0.669867,0.669867,0.067393,0.250000,0.109578,10,0,3.927785
237375000,0.679120,0.679120,0.066853,0.252080,0.108147,11,0,3.961451
238500000,0.679120,0.679120,0.066073,0.254040,0.110078,11,0,3.984709
239625000,0.679120,0.679120,0.067393,0.251100,0.110089,11,0,4.010224
240750000,0.679120,0.679120,0.068053,0.250060,0.109378,11,0,4.024128
241875000,0.679120,0.679120,0.068053,0.251280,0.111716,11,0,4.049248
243000000,0.679120,0.679120,0.067393,0.251040,0.113313,11,0,4.076567
244125000,0.679120,0.679120,0.067393,0.251660,0.111716,11,0,4.101170
245250000,0.679120,0.679120,0.067393,0.251100,0.111716,11,0,4.125530
246375000,0.679120,0.679120,0.067393,0.250740,0.113313,11,0,4.138829
247500000,0.679120,0.679120,0.066733,0.251080,0.113487,11,0,4.170024
248625000,0.679120,0.679120,0.066733,0.252600,0.114871,11,0,4.198510
249750000,0.679120,0.679120,0.067393,0.253460,0.115031,11,0,4.231443
250875000,0.679120,0.679120,0.066733,0.255540,0.115462,11,0,4.259331
252000000,0.679120,0.679120,0.068053,0.256120,0.119656,11,0,4.284612
253125000,0.679120,0.679120,0.066733,0.253620,0.114871,11,0,4.297162
254250000,0.688373,0.688373,0.066733,0.255280,0.117631,12,0,4.331328
255375000,0.688373,0.688373,0.065413,0.258060,0.116551,12,0,4.358257
256500000,0.688373,0.688373,0.066733,0.257940,0.117949,12,0,4.382648
257625000,0.688373,0.688373,0.067393,0.255060,0.114053,12,0,4.404543
258750000,0.688373,0.688373,0.067393,0.253380,0.119802,12,0,4.433013
259875000,0.688373,0.688373,0.066073,0.253000,0.116389,12,0,4.444896
261000000,0.688373,0.688373,0.068053,0.254380,0.119656,12,0,4.468501
262125000,0.688373,0.688373,0.066733,0.253940,0.118533,12,0,4.491891
263250000,0.688373,0.688373,0.068053,0.253760,0.121200,12,0,4.517289
264375000,0.688373,0.688373,0.066733,0.255540,0.120400,12,0,4.544656
265500000,0.688373,0.688373,0.066733,0.254920,0.120533,12,0,4.576146
266625000,0.688373,0.688373,0.066073,0.257540,0.117316,12,0,4.605160
267750000,0.688373,0.688373,0.066733,0.259160,0.121333,12,0,4.620650
268875000,0.688373,0.688373,0.066733,0.259920,0.122704,12,0,4.647106
270000000,0.688373,0.688373,0.066733,0.259180,0.122704,12,0,4.673329
271125000,0.688373,0.688373,0.067273,0.258200,0.121200,12,0,4.697191
272250000,0.688373,0.688373,0.066733,0.257080,0.120533,12,0,4.727198
273375000,0.688373,0.688373,0.066073,0.259240,0.123524,12,0,4.750621
274500000,0.688373,0.688373,0.066733,0.258440,0.120124,12,0,4.778035
275625000,0.697627,0.697627,0.067393,0.260420,0.120244,13,0,4.809366
276750000,0.697627,0.697627,0.066733,0.261420,0.122704,13,0,4.834211
277875000,0.697627,0.697627,0.066733,0.259440,0.126902,13,0,4.862963
279000000,0.697627,0.697627,0.065413,0.259160,0.122944,13,0,4.879292
280125000,0.697627,0.697627,0.067393,0.262020,0.126796,13,0,4.903579
281250000,0.697627,0.697627,0.066073,0.262160,0.122824,13,0,4.931725
282375000,0.697627,0.697627,0.066913,0.263200,0.125849,13,0,4.953575
283500000,0.697627,0.697627,0.066733,0.258700,0.127313,13,0,4.977258
284625000,0.697627,0.697627,0.066733,0.259600,0.127407,13,0,5.004748
285750000,0.697627,0.697627,0.066073,0.261360,0.127500,13,0,5.035979
286875000,0.697627,0.697627,0.065413,0.261960,0.126547,13,0,5.064968
288000000,0.697627,0.697627,0.066073,0.264760,0.130267,14,0,5.097637
289125000,0.706880,0.706880,0.064093,0.267180,0.128453,14,0,5.130020
290250000,0.706880,0.706880,0.064753,0.268700,0.126169,14,0,5.162122
291375000,0.706880,0.706880,0.064753,0.270100,0.129698,14,0,5.188169
292500000,0.706880,0.706880,0.066073,0.269980,0.128738,14,0,5.212091
293625000,0.706880,0.706880,0.066733,0.266900,0.127858,14,0,5.237740
294750000,0.706880,0.706880,0.066733,0.266600,0.129698,14,0,5.263183
295875000,0.706880,0.706880,0.066073,0.264520,0.128738,14,0,5.286541
297000000,0.706880,0.706880,0.066733,0.264360,0.130189,14,0,5.315366
298125000,0.706880,0.706880,0.066073,0.265400,0.130578,14,0,5.338341
299250000,0.706880,0.706880,0.066073,0.265320,0.130658,14,0,5.352569
300375000,0.706880,0.706880,0.066073,0.265220,0.132956,14,0,5.378996
301500000,0.706880,0.706880,0.065413,0.266100,0.131089,14,0,5.405220
302625000,0.706880,0.706880,0.065413,0.266400,0.134333,14,0,5.433084
303750000,0.706880,0.706880,0.066073,0.265780,0.133922,14,0,5.460733
304875000,0.706880,0.706880,0.064753,0.267960,0.131467,14,0,5.486347
306000000,0.706880,0.706880,0.066073,0.267680,0.136227,14,0,5.513584
307125000,0.706880,0.706880,0.064093,0.268880,0.132493,14,0,5.544223
308250000,0.706880,0.706880,0.064753,0.269420,0.133413,14,0,5.572827
309375000,0.706880,0.706880,0.065413,0.269620,0.134333,14,0,5.599429
310500000,0.706880,0.706880,0.066073,0.271340,0.135253,14,0,5.624057
311625000,0.706880,0.706880,0.064093,0.269620,0.133467,14,0,5.655582
312750000,0.706880,0.706880,0.066073,0.271260,0.134280,14,0,5.678063
313875000,0.716133,0.716133,0.066073,0.268100,0.131573,15,0,5.720237
315000000,0.716133,0.716133,0.065413,0.271180,0.135671,15,0,5.747512
316125000,0.716133,0.716133,0.065413,0.271760,0.135631,15,0,5.771126
317250000,0.716133,0.716133,0.066073,0.271600,0.137929,15,0,5.798026
318375000,0.716133,0.716133,0.065413,0.270700,0.137591,15,0,5.824732
319500000,0.716133,0.716133,0.064753,0.271520,0.136996,15,0,5.856373
320625000,0.716133,0.716133,0.064753,0.273860,0.132956,15,0,5.879277
321750000,0.716133,0.716133,0.065413,0.271920,0.136969,15,0,5.907104
322875000,0.716133,0.716133,0.065413,0.273320,0.139902,15,0,5.936421
324000000,0.716133,0.716133,0.064093,0.273020,0.137982,15,0,5.968876
325125000,0.716133,0.716133,0.064093,0.278240,0.137929,15,0,5.994421
326250000,0.725387,0.725387,0.065413,0.276440,0.135049,16,0,6.024774
327375000,0.725387,0.725387,0.065413,0.278140,0.137591,16,0,6.049952
328500000,0.725387,0.725387,0.064753,0.275340,0.139207,16,0,6.076602
329625000,0.725387,0.725387,0.065053,0.275560,0.139902,16,0,6.104710
330750000,0.725387,0.725387,0.065413,0.276100,0.144444,16,0,6.129365
331875000,0.725387,0.725387,0.064093,0.276980,0.140200,16,0,6.157104
333000000,0.725387,0.725387,0.064753,0.276900,0.144444,16,0,6.184649
334125000,0.725387,0.725387,0.064753,0.277940,0.143444,16,0,6.223213
335250000,0.725387,0.725387,0.064753,0.274560,0.144147,16,0,6.250311
336375000,0.725387,0.725387,0.063433,0.278480,0.144444,16,0,6.274043
337500000,0.725387,0.725387,0.064753,0.274280,0.146716,16,0,6.300794
338625000,0.725387,0.725387,0.064093,0.278140,0.145920,16,0,6.325787
339750000,0.725387,0.725387,0.065053,0.275640,0.147722,16,0,6.353770
340875000,0.725387,0.725387,0.062773,0.279220,0.142649,16,0,6.383133
342000000,0.725387,0.725387,0.064093,0.280800,0.144689,16,0,6.409180
343125000,0.725387,0.725387,0.064093,0.279620,0.144689,16,0,6.448712
344250000,0.725387,0.725387,0.064753,0.279780,0.145893,16,0,6.475886
345375000,0.725387,0.725387,0.064753,0.278280,0.144662,16,0,6.507496
346500000,0.725387,0.725387,0.063433,0.283400,0.146907,16,0,6.535833
347625000,0.725387,0.725387,0.064753,0.283180,0.146716,16,0,6.560937
348750000,0.725387,0.725387,0.064093,0.280880,0.145696,16,0,6.587405
349875000,0.725387,0.725387,0.063433,0.283280,0.146716,16,0,6.626796
351000000,0.725387,0.725387,0.064093,0.281120,0.146676,17,0,6.660360
352125000,0.734640,0.734640,0.062113,0.284300,0.149178,17,0,6.684729
353250000,0.734640,0.734640,0.064753,0.283460,0.150198,17,0,6.710441
354375000,0.734640,0.734640,0.064093,0.285540,0.149178,17,0,6.734509
355500000,0.734640,0.734640,0.063433,0.281220,0.152198,17,0,6.765824
356625000,0.734640,0.734640,0.064093,0.284320,0.151316,17,0,6.808020
357750000,0.734640,0.734640,0.063433,0.286140,0.151316,17,0,6.837392
358875000,0.734640,0.734640,0.063433,0.287360,0.152396,17,0,6.865122
360000000,0.734640,0.734640,0.062113,0.286460,0.151262,17,0,6.897036
361125000,0.734640,0.734640,0.064093,0.290920,0.149098,17,0,6.938043
362250000,0.734640,0.734640,0.063433,0.288580,0.151218,17,0,6.963734
363375000,0.734640,0.734640,0.063433,0.286720,0.149209,17,0,6.992138
364500000,0.734640,0.734640,0.064093,0.287980,0.151316,17,0,7.020370
365625000,0.743893,0.743893,0.061453,0.290260,0.149156,18,0,7.051269
366750000,0.743893,0.743893,0.064093,0.290340,0.152449,18,0,7.086684
367875000,0.743893,0.743893,0.064093,0.289120,0.153600,18,0,7.111536
369000000,0.743893,0.743893,0.064093,0.285560,0.154633,18,0,7.137638
370125000,0.743893,0.743893,0.063433,0.286800,0.152396,18,0,7.163596
371250000,0.743893,0.743893,0.063433,0.287320,0.157800,18,0,7.203639
372375000,0.743893,0.743893,0.062113,0.287780,0.154567,18,0,7.231986
373500000,0.743893,0.743893,0.062773,0.289080,0.155911,18,0,7.253274
374625000,0.743893,0.743893,0.061453,0.286420,0.152367,18,0,7.284065
375750000,0.743893,0.743893,0.063433,0.289460,0.153369,18,0,7.325812
376875000,0.743893,0.743893,0.062113,0.292220,0.157733,18,0,7.354801
378000000,0.753147,0.753147,0.061333,0.293200,0.151267,19,0,7.386333
379125000,0.753147,0.753147,0.063433,0.295740,0.156871,19,0,7.410931
380250000,0.753147,0.753147,0.062113,0.293540,0.155751,19,0,7.451604
381375000,0.753147,0.753147,0.063433,0.294720,0.157782,19,0,7.482541
382500000,0.753147,0.753147,0.062773,0.297020,0.156791,19,0,7.509301
383625000,0.753147,0.753147,0.062773,0.290960,0.159016,19,0,7.549165
384750000,0.753147,0.753147,0.062773,0.293580,0.157969,19,0,7.574239
385875000,0.753147,0.753147,0.062773,0.291980,0.159016,19,0,7.600493
387000000,0.753147,0.753147,0.060793,0.295480,0.162071,20,0,7.647455
388125000,0.762400,0.762400,0.060133,0.293500,0.162342,20,0,7.672028
389250000,0.762400,0.762400,0.062473,0.294480,0.162156,20,0,7.701663
390375000,0.762400,0.762400,0.062773,0.296960,0.160187,20,0,7.738703
391500000,0.762400,0.762400,0.063433,0.291700,0.158829,20,0,7.769242
392625000,0.762400,0.762400,0.061873,0.296260,0.161133,20,0,7.797044
393750000,0.762400,0.762400,0.062773,0.297720,0.162187,20,0,7.838470
394875000,0.762400,0.762400,0.061453,0.300020,0.160080,20,0,7.864629
396000000,0.762400,0.762400,0.062113,0.298640,0.161133,20,0,7.891918
397125000,0.762400,0.762400,0.062113,0.298220,0.161133,20,0,7.932585
398250000,0.771653,0.771653,0.062113,0.299100,0.165347,21,0,7.964541
399375000,0.771653,0.771653,0.063433,0.301360,0.166764,21,0,7.990063
400500000,0.771653,0.771653,0.062113,0.299120,0.164622,21,0,8.026233
401625000,0.771653,0.771653,0.062473,0.294560,0.160984,21,0,8.055161
402750000,0.771653,0.771653,0.062113,0.298060,0.164404,21,0,8.095795
403875000,0.771653,0.771653,0.061453,0.300200,0.163133,21,0,8.126813
405000000,0.771653,0.771653,0.060793,0.303180,0.160984,21,0,8.155213
406125000,0.771653,0.771653,0.061453,0.301380,0.166764,21,0,8.193877
407250000,0.771653,0.771653,0.061453,0.303420,0.163289,21,0,8.219489
408375000,0.771653,0.771653,0.060793,0.301760,0.165104,22,0,8.269768
409500000,0.780907,0.780907,0.058813,0.306560,0.164524,22,0,8.293823
410625000,0.780907,0.780907,0.062113,0.303520,0.164404,22,0,8.320163
411750000,0.780907,0.780907,0.060793,0.304240,0.166622,22,0,8.361218
412875000,0.780907,0.780907,0.061453,0.304880,0.164356,22,0,8.387227
414000000,0.780907,0.780907,0.061453,0.304020,0.167689,22,0,8.427783
415125000,0.780907,0.780907,0.060793,0.304120,0.165473,22,0,8.452283
416250000,0.780907,0.780907,0.060793,0.303320,0.167620,22,0,8.493526
417375000,0.780907,0.780907,0.061453,0.302700,0.171133,22,0,8.518898
418500000,0.780907,0.780907,0.062773,0.303880,0.172207,22,0,8.545315
419625000,0.780907,0.780907,0.059473,0.307380,0.170756,23,0,8.594014
420750000,0.790160,0.790160,0.061153,0.310780,0.167620,23,0,8.620088
421875000,0.790160,0.790160,0.059473,0.310740,0.168840,23,0,8.661270
423000000,0.790160,0.790160,0.061453,0.309520,0.168693,23,0,8.688174
424125000,0.790160,0.790160,0.060133,0.311040,0.163156,23,0,8.728867
425250000,0.790160,0.790160,0.062113,0.310780,0.150218,23,0,8.736012
426375000,0.790160,0.790160,0.062773,0.291340,0.170738,23,0,8.775167
427500000,0.790160,0.790160,0.060133,0.297020,0.168400,23,0,8.806046
428625000,0.790160,0.790160,0.060793,0.305260,0.173218,23,0,8.845851
429750000,0.790160,0.790160,0.060133,0.306360,0.167473,23,0,8.872987
430875000,0.790160,0.790160,0.060133,0.306460,0.173218,23,0,8.913453
432000000,0.790160,0.790160,0.060133,0.309540,0.173102,23,0,8.939147
433125000,0.790160,0.790160,0.060793,0.308520,0.163813,23,0,8.982487
434250000,0.790160,0.790160,0.060793,0.312880,0.170898,23,0,9.007883
435375000,0.790160,0.790160,0.062113,0.309240,0.175058,24,0,9.050725
436500000,0.799413,0.799413,0.057493,0.309700,0.167018,24,0,9.081322
437625000,0.799413,0.799413,0.060133,0.314400,0.173058,24,0,9.122561
438750000,0.799413,0.799413,0.059473,0.317400,0.169496,24,0,9.148437
439875000,0.799413,0.799413,0.061453,0.312100,0.196522,24,0,9.170692
441000000,0.799413,0.799413,0.058813,0.306660,0.166098,24,0,9.197412
442125000,0.799413,0.799413,0.059473,0.308040,0.174027,24,0,9.237808
443250000,0.799413,0.799413,0.061093,0.306580,0.176400,24,0,9.263145
444375000,0.799413,0.799413,0.058153,0.314200,0.174911,24,0,9.306321
445500000,0.799413,0.799413,0.060793,0.309760,0.177111,24,0,9.347059
446625000,0.808667,0.808667,0.059473,0.312980,0.179307,25,0,9.379395
447750000,0.808667,0.808667,0.059473,0.319040,0.175311,25,0,9.415415
448875000,0.808667,0.808667,0.061753,0.315120,0.176027,25,0,9.444238
450000000,0.808667,0.808667,0.060793,0.311500,0.170582,25,0,9.481956
451125000,0.808667,0.808667,0.060133,0.314900,0.179311,25,0,9.511523
452250000,0.808667,0.808667,0.059473,0.319920,0.177511,25,0,9.548822
453375000,0.808667,0.808667,0.059473,0.318420,0.177111,25,0,9.590051
454500000,0.808667,0.808667,0.059833,0.319540,0.177111,25,0,9.617042
455625000,0.808667,0.808667,0.058813,0.320100,0.179502,25,0,9.656791
456750000,0.808667,0.808667,0.057493,0.318580,0.182807,25,0,9.699374
457875000,0.808667,0.808667,0.059173,0.319740,0.173411,25,0,9.726925
459000000,0.808667,0.808667,0.061453,0.319580,0.186142,26,0,9.768030
460125000,0.817920,0.817920,0.059473,0.321760,0.173011,26,0,9.812944
461250000,0.817920,0.817920,0.058813,0.325460,0.175756,26,0,9.837982
462375000,0.817920,0.817920,0.060133,0.322820,0.175329,26,0,9.879390
463500000,0.817920,0.817920,0.059473,0.324980,0.177673,26,0,9.919527
464625000,0.817920,0.817920,0.060133,0.324360,0.174911,26,0,9.943130
465750000,0.817920,0.817920,0.059473,0.322200,0.182284,26,0,9.982868
466875000,0.817920,0.817920,0.071353,0.314020,0.178444,26,0,10.005371
468000000,0.817920,0.817920,0.058513,0.315280,0.175220,26,0,10.031606
469125000,0.817920,0.817920,0.058813,0.316640,0.182580,26,0,10.071742
470250000,0.817920,0.817920,0.059473,0.317120,0.176649,26,0,10.111630
471375000,0.817920,0.817920,0.058813,0.319060,0.176333,26,0,10.152261
472500000,0.827173,0.827173,0.060133,0.320700,0.176540,27,0,10.187717
473625000,0.827173,0.827173,0.060133,0.326040,0.171911,27,0,10.227899
474750000,0.827173,0.827173,0.059473,0.326680,0.186949,27,0,10.265885
475875000,0.827173,0.827173,0.058453,0.327340,0.180684,27,0,10.293999
477000000,0.827173,0.827173,0.060133,0.324700,0.180924,27,0,10.331599
478125000,0.827173,0.827173,0.060133,0.324960,0.184189,27,0,10.369938
479250000,0.827173,0.827173,0.058813,0.323220,0.181429,27,0,10.411891
480375000,0.827173,0.827173,0.058153,0.328360,0.210156,27,0,10.436360
481500000,0.827173,0.827173,0.057913,0.317180,0.181176,27,0,10.466615
482625000,0.827173,0.827173,0.058813,0.323160,0.175484,27,0,10.508905
483750000,0.827173,0.827173,0.059473,0.327500,0.183267,27,0,10.550943
484875000,0.827173,0.827173,0.059473,0.328360,0.183533,27,0,10.590838
486000000,0.827173,0.827173,0.058813,0.328120,0.185644,27,0,10.630502
487125000,0.836427,0.836427,0.057493,0.330460,0.190124,28,0,10.660882
488250000,0.836427,0.836427,0.058153,0.331960,0.182924,28,0,10.702950
489375000,0.836427,0.836427,0.058153,0.333740,0.188867,28,0,10.741973
490500000,0.836427,0.836427,0.058153,0.331020,0.187467,28,0,10.781703
491625000,0.836427,0.836427,0.058693,0.330180,0.184284,28,0,10.808677
492750000,0.836427,0.836427,0.056833,0.333020,0.210133,28,0,10.833264
493875000,0.836427,0.836427,0.059473,0.316260,0.192000,28,0,10.874278
495000000,0.836427,0.836427,0.057493,0.327940,0.179796,28,0,10.917804
496125000,0.836427,0.836427,0.058813,0.331620,0.186067,28,0,10.956512
497250000,0.836427,0.836427,0.058153,0.333640,0.187936,29,0,11.003181
498375000,0.845680,0.845680,0.055873,0.339700,0.181938,29,0,11.028400
499500000,0.845680,0.845680,0.056833,0.340720,0.186333,29,0,11.067408
500625000,0.845680,0.845680,0.057493,0.336900,0.190198,29,0,11.110698
501750000,0.845680,0.845680,0.058153,0.340340,0.167398,29,0,11.134897
502875000,0.845680,0.845680,0.057493,0.332160,0.190036,29,0,11.175974
504000000,0.845680,0.845680,0.057493,0.335700,0.186009,29,0,11.217711
505125000,0.845680,0.845680,0.056833,0.333520,0.192758,29,0,11.260995
506250000,0.845680,0.845680,0.058153,0.342740,0.188600,29,0,11.298720
507375000,0.845680,0.845680,0.058153,0.336440,0.191742,29,0,11.343299
508500000,0.854933,0.854933,0.053653,0.341080,0.196533,30,0,11.385863
509625000,0.854933,0.854933,0.057973,0.342740,0.193920,30,0,11.422068
510750000,0.854933,0.854933,0.057673,0.338620,0.191182,30,0,11.462439
511875000,0.854933,0.854933,0.057553,0.338960,0.192622,30,0,11.488649
513000000,0.854933,0.854933,0.056593,0.339560,0.185938,30,0,11.532996
514125000,0.854933,0.854933,0.057493,0.343400,0.194062,30,0,11.571046
515250000,0.854933,0.854933,0.056833,0.341580,0.190889,30,0,11.613199
516375000,0.854933,0.854933,0.056833,0.344400,0.192387,30,0,11.658554
517500000,0.854933,0.854933,0.055513,0.350840,0.198840,30,0,11.698528
518625000,0.854933,0.854933,0.056833,0.345640,0.195751,30,0,11.736586
519750000,0.854933,0.854933,0.056833,0.341280,0.192153,30,0,11.775294
520875000,0.854933,0.854933,0.056833,0.345160,0.191311,30,0,11.815495
522000000,0.864187,0.864187,0.053833,0.347640,0.181591,31,0,11.861384
523125000,0.864187,0.864187,0.055453,0.349600,0.178056,31,0,11.900908
524250000,0.864187,0.864187,0.059113,0.340140,0.191847,31,0,11.938760
525375000,0.864187,0.864187,0.055633,0.339920,0.191540,31,0,11.981417
526500000,0.864187,0.864187,0.057373,0.341720,0.191540,31,0,12.021359
527625000,0.864187,0.864187,0.054853,0.347500,0.193631,31,0,12.064408
528750000,0.864187,0.864187,0.055513,0.350420,0.194471,31,0,12.108887
529875000,0.864187,0.864187,0.058813,0.351720,0.194889,31,0,12.144069
531000000,0.864187,0.864187,0.056173,0.346960,0.191222,31,0,12.187286
532125000,0.864187,0.864187,0.056833,0.348980,0.171271,31,0,12.213089
533250000,0.873440,0.873440,0.052213,0.339760,0.201889,32,0,12.260812
534375000,0.873440,0.873440,0.054853,0.350720,0.193311,32,0,12.304209
535500000,0.873440,0.873440,0.056833,0.349280,0.193722,32,0,12.340095
536625000,0.873440,0.873440,0.057493,0.344900,0.198987,32,0,12.379029
537750000,0.873440,0.873440,0.055393,0.352180,0.194427,32,0,12.422604
538875000,0.873440,0.873440,0.057313,0.354120,0.194293,32,0,12.471809
540000000,0.873440,0.873440,0.056833,0.348680,0.192907,32,0,12.514088
541125000,0.873440,0.873440,0.056173,0.354400,0.198293,32,0,12.556952
542250000,0.873440,0.873440,0.054193,0.353540,0.193556,32,0,12.601987
543375000,0.873440,0.873440,0.055513,0.359060,0.198640,32,0,12.643617
544500000,0.873440,0.873440,0.056173,0.358880,0.199431,32,0,12.685834
545625000,0.873440,0.873440,0.054853,0.356620,0.200853,32,0,12.723909
546750000,0.873440,0.873440,0.056473,0.358640,0.234344,33,0,12.767344
547875000,0.882693,0.882693,0.054853,0.349760,0.199184,33,0,12.809700
549000000,0.882693,0.882693,0.056173,0.352260,0.196824,33,0,12.848731
550125000,0.882693,0.882693,0.053533,0.353460,0.199084,33,0,12.886801
551250000,0.882693,0.882693,0.056473,0.351900,0.238622,33,0,12.899858
552375000,0.882693,0.882693,0.054193,0.334720,0.195947,33,0,12.941481
553500000,0.882693,0.882693,0.052213,0.336240,0.198464,33,0,12.989058
554625000,0.882693,0.882693,0.054853,0.350860,0.206302,33,0,13.026417
555750000,0.882693,0.882693,0.055513,0.347420,0.196104,33,0,13.068192
556875000,0.882693,0.882693,0.055513,0.356520,0.198824,33,0,13.122562
558000000,0.891947,0.891947,0.054193,0.358100,0.188764,34,0,13.167668
559125000,0.891947,0.891947,0.052873,0.362360,0.208676,34,0,13.208014
560250000,0.891947,0.891947,0.056833,0.362920,0.178329,34,0,13.233064
561375000,0.891947,0.891947,0.072673,0.347420,0.169513,34,0,13.244149
562500000,0.891947,0.891947,0.053533,0.323200,0.205200,34,0,13.285538
563625000,0.891947,0.891947,0.072673,0.325600,0.198153,34,0,13.303452
564750000,0.891947,0.891947,0.055933,0.329180,0.197382,34,0,13.358423
565875000,0.891947,0.891947,0.054193,0.344200,0.204809,34,0,13.400736
567000000,0.891947,0.891947,0.055513,0.349560,0.241809,34,0,13.419759
568125000,0.901200,0.901200,0.053173,0.346900,0.236140,35,0,13.468017
569250000,0.901200,0.901200,0.054193,0.346180,0.201249,35,0,13.507541
570375000,0.901200,0.901200,0.052873,0.358700,0.245587,35,0,13.529885
571500000,0.901200,0.901200,0.055333,0.355160,0.169127,35,0,13.561986
572625000,0.901200,0.901200,0.072673,0.336140,0.204473,35,0,13.575994
573750000,0.901200,0.901200,0.072013,0.320180,0.216178,35,0,13.555294
574875000,0.901200,0.901200,0.072673,0.307240,0.196187,35,0,13.587770
576000000,0.901200,0.901200,0.052213,0.305700,0.197382,35,0,13.633104
577125000,0.910453,0.910453,0.049573,0.333780,0.192664,36,0,13.681150
578250000,0.910453,0.910453,0.053833,0.346060,0.206507,36,0,13.738542
579375000,0.910453,0.910453,0.055513,0.357040,0.244556,36,0,13.756296
580500000,0.910453,0.910453,0.053533,0.341300,0.203182,36,0,13.792821
581625000,0.910453,0.910453,0.068113,0.343800,0.206473,36,0,13.824163
582750000,0.910453,0.910453,0.072673,0.334800,0.202540,36,0,13.844480
583875000,0.910453,0.910453,0.072013,0.325420,0.204120,36,0,13.864700
585000000,0.910453,0.910453,0.072673,0.314980,0.210978,36,0,13.879754
586125000,0.910453,0.910453,0.053533,0.332620,0.206120,36,0,13.922776
587250000,0.919707,0.919707,0.051973,0.352120,0.158067,37,0,13.965510
588375000,0.919707,0.919707,0.056173,0.347600,0.204540,37,0,14.005980
589500000,0.919707,0.919707,0.071353,0.342060,0.216978,37,0,13.987767
590625000,0.919707,0.919707,0.051553,0.333100,0.167778,37,0,14.022184
591750000,0.919707,0.919707,0.055513,0.326840,0.210578,37,0,14.058717
592875000,0.919707,0.919707,0.071053,0.333660,0.163522,37,0,14.072878
594000000,0.919707,0.919707,0.071353,0.310160,0.249378,37,0,14.073649
595125000,0.919707,0.919707,0.053353,0.295680,0.208893,37,0,14.109584
596250000,0.919707,0.919707,0.052873,0.330080,0.204178,37,0,14.151253
597375000,0.919707,0.919707,0.072673,0.326520,0.216982,37,0,14.129886
598500000,0.919707,0.919707,0.050233,0.313800,0.178178,37,0,14.166805
599625000,0.919707,0.919707,0.054853,0.317660,0.253378,37,0,14.185555
600750000,0.919707,0.919707,0.072673,0.314680,0.253596,37,0,14.199619
601875000,0.919707,0.919707,0.052213,0.300400,0.215778,37,0,14.200579
603000000,0.919707,0.919707,0.069433,0.300460,0.208616,37,0,14.233411
604125000,0.919707,0.919707,0.072673,0.293140,0.255778,37,0,14.254580
605250000,0.919707,0.919707,0.053533,0.321140,0.167378,37,0,14.289195
606375000,0.919707,0.919707,0.071353,0.314180,0.215362,37,0,14.269547
607500000,0.919707,0.919707,0.054613,0.293020,0.162978,37,0,14.303229
608625000,0.919707,0.919707,0.065413,0.303100,0.250356,37,0,14.310034
609750000,0.919707,0.919707,0.070693,0.302620,0.215778,37,0,14.304330
610875000,0.919707,0.919707,0.054193,0.298400,0.222222,37,0,14.303301
612000000,0.919707,0.919707,0.052873,0.291000,0.171900,37,0,14.322471
613125000,0.919707,0.919707,0.052213,0.293060,0.170382,37,0,14.340916
614250000,0.919707,0.919707,0.072673,0.291480,0.252578,37,0,14.342468
615375000,0.919707,0.919707,0.049573,0.310500,0.167969,37,0,14.380877
616500000,0.919707,0.919707,0.050233,0.326480,0.249942,37,0,14.404509
617625000,0.919707,0.919707,0.052813,0.337240,0.258009,37,0,14.440480
618750000,0.919707,0.919707,0.072013,0.313400,0.249378,37,0,14.438962
619875000,0.919707,0.919707,0.068473,0.321920,0.203789,37,0,14.472579
621000000,0.919707,0.919707,0.072013,0.314820,0.169176,37,0,14.473684
622125000,0.919707,0.919707,0.062593,0.319700,0.212578,37,0,14.474597
623250000,0.919707,0.919707,0.071353,0.284500,0.250178,37,0,14.493502
624375000,0.919707,0.919707,0.072673,0.294340,0.218189,37,0,14.463832
625500000,0.919707,0.919707,0.072013,0.267340,0.211400,37,0,14.444577
626625000,0.919707,0.919707,0.061033,0.273000,0.263249,38,0,14.461709
627750000,0.928960,0.928960,0.070033,0.276860,0.257216,38,0,14.463072
628875000,0.928960,0.928960,0.072673,0.258840,0.217778,38,0,14.435718
630000000,0.928960,0.928960,0.072013,0.251400,0.206649,38,0,14.448012
631125000,0.928960,0.928960,0.056473,0.267400,0.216578,38,0,14.438459
632250000,0.928960,0.928960,0.072673,0.255240,0.206996,38,0,14.458216
633375000,0.928960,0.928960,0.056353,0.278680,0.247942,38,0,14.467841
634500000,0.928960,0.928960,0.055513,0.290720,0.216302,38,0,14.504659
635625000,0.928960,0.928960,0.054673,0.312160,0.199309,38,0,14.545714
636750000,0.928960,0.928960,0.052873,0.327220,0.204996,38,0,14.583565
637875000,0.928960,0.928960,0.066313,0.347960,0.217776,38,0,14.581073
639000000,0.928960,0.928960,0.071353,0.310500,0.171176,38,0,14.584443
640125000,0.928960,0.928960,0.070693,0.300780,0.256213,38,0,14.576265
641250000,0.928960,0.928960,0.050893,0.297560,0.168762,38,0,14.599369
642375000,0.928960,0.928960,0.070753,0.289400,0.164316,38,0,14.595804
643500000,0.928960,0.928960,0.052873,0.300980,0.217747,38,0,14.593407
644625000,0.928960,0.928960,0.050233,0.283180,0.214122,38,0,14.610198
645750000,0.928960,0.928960,0.050233,0.286220,0.249562,38,0,14.628181
646875000,0.928960,0.928960,0.048913,0.317660,0.167556,38,0,14.665894
648000000,0.928960,0.928960,0.051553,0.323240,0.259427,38,0,14.678897
649125000,0.928960,0.928960,0.072013,0.307980,0.249942,38,0,14.677504
650250000,0.928960,0.928960,0.071233,0.291340,0.171827,38,0,14.668507
651375000,0.928960,0.928960,0.052873,0.300300,0.165267,38,0,14.687408
652500000,0.928960,0.928960,0.049393,0.305640,0.227093,38,0,14.705456
653625000,0.928960,0.928960,0.052213,0.307120,0.250933,38,0,14.720092
654750000,0.928960,0.928960,0.069673,0.290760,0.196069,38,0,14.739941
655875000,0.928960,0.928960,0.070693,0.317880,0.179276,38,0,14.739486
657000000,0.928960,0.928960,0.070033,0.292640,0.253360,38,0,14.729280
658125000,0.928960,0.928960,0.054853,0.299820,0.212827,38,0,14.725961
659250000,0.928960,0.928960,0.052213,0.283980,0.199956,38,0,14.723705
660375000,0.928960,0.928960,0.070693,0.275840,0.257182,38,0,14.727036
661500000,0.928960,0.928960,0.051553,0.307500,0.225880,38,0,14.741564
662625000,0.928960,0.928960,0.068953,0.286200,0.222602,38,0,14.734259
663750000,0.928960,0.928960,0.050233,0.295100,0.215742,38,0,14.736688
664875000,0.928960,0.928960,0.070333,0.285640,0.219362,38,0,14.713570
666000000,0.928960,0.928960,0.068053,0.260020,0.215742,38,0,14.697496
667125000,0.928960,0.928960,0.051493,0.277280,0.168547,38,0,14.731260
668250000,0.928960,0.928960,0.072673,0.282080,0.219809,38,0,14.706224
669375000,0.928960,0.928960,0.072073,0.260060,0.217776,38,0,14.675867
670500000,0.938213,0.938213,0.072673,0.240240,0.217933,39,0,14.696257
671625000,0.938213,0.938213,0.072013,0.283860,0.195276,39,0,14.731681
672750000,0.938213,0.938213,0.050233,0.308420,0.205756,39,0,14.775558
673875000,0.938213,0.938213,0.072673,0.306420,0.199542,39,0,14.752419
675000000,0.938213,0.938213,0.049573,0.304400,0.245909,39,0,14.771743
676125000,0.938213,0.938213,0.068713,0.299480,0.249116,39,0,14.769416
677250000,0.938213,0.938213,0.051553,0.313340,0.167109,39,0,14.808228
678375000,0.938213,0.938213,0.069373,0.318320,0.172613,39,0,14.807683
679500000,0.938213,0.938213,0.071173,0.308940,0.212760,39,0,14.784107
680625000,0.938213,0.938213,0.052213,0.287940,0.250080,39,0,14.799651
681750000,0.938213,0.938213,0.070213,0.304280,0.171400,39,0,14.807646
682875000,0.938213,0.938213,0.053533,0.299100,0.170382,39,0,14.824368
684000000,0.938213,0.938213,0.050893,0.318300,0.218189,39,0,14.834862
685125000,0.938213,0.938213,0.070033,0.297280,0.174036,39,0,14.831870
686250000,0.947467,0.947467,0.069373,0.279300,0.160249,40,0,14.829363
687375000,0.947467,0.947467,0.072013,0.281800,0.162347,40,0,14.830950
688500000,0.947467,0.947467,0.068713,0.291300,0.201280,40,0,14.816784
689625000,0.947467,0.947467,0.052093,0.300840,0.181600,40,0,14.844995
690750000,0.947467,0.947467,0.070033,0.295640,0.169333,40,0,14.844338
691875000,0.947467,0.947467,0.071473,0.282660,0.180862,40,0,14.836629
693000000,0.947467,0.947467,0.067393,0.280840,0.244256,40,0,14.860751
694125000,0.947467,0.947467,0.051733,0.310740,0.178449,40,0,14.890517
695250000,0.947467,0.947467,0.069373,0.303960,0.263249,40,0,14.891597
696375000,0.947467,0.947467,0.070693,0.313600,0.248322,40,0,14.902335
697500000,0.947467,0.947467,0.072673,0.304180,0.165522,40,0,14.900587
698625000,0.956720,0.956720,0.046273,0.316180,0.224240,41,0,14.917838
699750000,0.956720,0.956720,0.072013,0.292480,0.216467,41,0,14.896498
700875000,0.956720,0.956720,0.051553,0.282580,0.211296,41,0,14.890748
702000000,0.956720,0.956720,0.071353,0.275200,0.209907,41,0,14.866740
703125000,0.956720,0.956720,0.071353,0.267180,0.245909,41,0,14.861933
704250000,0.956720,0.956720,0.051013,0.286360,0.250013,41,0,14.893525
705375000,0.956720,0.956720,0.070033,0.294520,0.222600,41,0,14.872458
706500000,0.956720,0.956720,0.049453,0.291300,0.216569,41,0,14.883695
707625000,0.956720,0.956720,0.072013,0.287220,0.168907,41,0,14.881303
708750000,0.956720,0.956720,0.068053,0.288180,0.216949,41,0,14.858059
709875000,0.956720,0.956720,0.050893,0.279900,0.167142,41,0,14.877045
711000000,0.956720,0.956720,0.048913,0.288120,0.256507,41,0,14.897974
712125000,0.956720,0.956720,0.052213,0.317500,0.204813,41,0,14.941547
713250000,0.956720,0.956720,0.068713,0.319460,0.214827,41,0,14.917356
714375000,0.956720,0.956720,0.050233,0.312180,0.166053,41,0,14.931908
715500000,0.956720,0.956720,0.050893,0.312520,0.251942,41,0,14.950437
716625000,0.956720,0.956720,0.060493,0.315000,0.259853,41,0,14.940026
717750000,0.956720,0.956720,0.072673,0.289680,0.259629,41,0,14.959743
718875000,0.956720,0.956720,0.050713,0.326520,0.214122,41,0,14.973210
720000000,0.956720,0.956720,0.051553,0.320820,0.214122,41,0,14.971385
721125000,0.956720,0.956720,0.050173,0.301540,0.252867,41,0,14.986663
722250000,0.956720,0.956720,0.071353,0.319120,0.181960,41,0,14.983359
723375000,0.956720,0.956720,0.049573,0.305300,0.255942,41,0,15.001771
724500000,0.956720,0.956720,0.072673,0.300360,0.179107,41,0,15.010726
725625000,0.956720,0.956720,0.050893,0.319240,0.223809,41,0,15.009874
726750000,0.956720,0.956720,0.056833,0.312980,0.222602,41,0,15.002654
727875000,0.956720,0.956720,0.070693,0.290540,0.222600,41,0,14.979649
729000000,0.956720,0.956720,0.049753,0.292340,0.232733,41,0,14.993582
730125000,0.956720,0.956720,0.050233,0.296860,0.169333,41,0,15.010450
731250000,0.956720,0.956720,0.067393,0.286520,0.172480,41,0,15.011516
732375000,0.956720,0.956720,0.052873,0.298760,0.254080,41,0,15.019135
733500000,0.956720,0.956720,0.068053,0.295600,0.176253,41,0,15.018455
734625000,0.956720,0.956720,0.070093,0.288160,0.218960,41,0,14.985228
735750000,0.956720,0.956720,0.069373,0.269300,0.217680,41,0,14.965709
736875000,0.956720,0.956720,0.048913,0.271160,0.219387,41,0,14.954933
738000000,0.956720,0.956720,0.067393,0.262280,0.220467,41,0,14.941254
739125000,0.956720,0.956720,0.050233,0.270820,0.252440,41,0,14.955038
740250000,0.956720,0.956720,0.070693,0.275740,0.167200,41,0,14.951318
741375000,0.956720,0.956720,0.048253,0.295400,0.253720,41,0,14.968849
742500000,0.956720,0.956720,0.071713,0.286280,0.164413,41,0,14.955588
743625000,0.956720,0.956720,0.068713,0.281820,0.256933,41,0,14.955596
744750000,0.956720,0.956720,0.066733,0.310260,0.246733,41,0,14.972894
745875000,0.956720,0.956720,0.068713,0.302520,0.258507,41,0,14.976769
747000000,0.956720,0.956720,0.070033,0.308400,0.229453,41,0,14.950437
748125000,0.956720,0.956720,0.062533,0.286720,0.174973,41,0,14.966775
749250000,0.956720,0.956720,0.066073,0.300860,0.257360,41,0,14.967762
750375000,0.956720,0.956720,0.050353,0.310200,0.218893,41,0,14.977887
751500000,0.956720,0.956720,0.071353,0.293460,0.176829,41,0,14.974057
752625000,0.956720,0.956720,0.048253,0.300780,0.227049,41,0,14.965295
753750000,0.965973,0.965973,0.046933,0.296900,0.270773,42,0,14.988031
754875000,0.965973,0.965973,0.046933,0.316640,0.171333,42,0,15.003773
756000000,0.965973,0.965973,0.052213,0.311020,0.216827,42,0,14.998062
757125000,0.965973,0.965973,0.066733,0.295540,0.202560,42,0,14.981868
758250000,0.965973,0.965973,0.048493,0.309520,0.212760,42,0,14.997323
759375000,0.965973,0.965973,0.072013,0.288160,0.213187,42,0,14.973640
760500000,0.965973,0.965973,0.050893,0.293960,0.167267,42,0,14.990247
761625000,0.965973,0.965973,0.067393,0.291080,0.247520,42,0,14.993121
762750000,0.965973,0.965973,0.048913,0.307980,0.166696,42,0,15.008185
763875000,0.965973,0.965973,0.068713,0.299600,0.172120,42,0,15.023795
765000000,0.965973,0.965973,0.049573,0.324380,0.224667,42,0,15.017788
766125000,0.965973,0.965973,0.054913,0.304040,0.262640,42,0,15.025880
767250000,0.965973,0.965973,0.049573,0.308960,0.206627,42,0,15.027058
768375000,0.965973,0.965973,0.068053,0.313260,0.164773,42,0,15.044932
769500000,0.965973,0.965973,0.070033,0.312440,0.218089,42,0,15.031338
770625000,0.965973,0.965973,0.069373,0.289920,0.162707,42,0,15.027743
771750000,0.965973,0.965973,0.069853,0.293040,0.223453,42,0,14.995398
772875000,0.965973,0.965973,0.049573,0.283600,0.202482,42,0,15.038829
774000000,0.965973,0.965973,0.057253,0.307720,0.224240,42,0,15.026963
775125000,0.965973,0.965973,0.070033,0.294600,0.243813,42,0,15.028967
776250000,0.965973,0.965973,0.046933,0.309200,0.207307,42,0,15.064776
777375000,0.965973,0.965973,0.066733,0.320660,0.233453,42,0,15.053360
778500000,0.965973,0.965973,0.045613,0.320720,0.251651,42,0,15.088259
779625000,0.965973,0.965973,0.049033,0.327580,0.165133,42,0,15.105110
780750000,0.965973,0.965973,0.049573,0.344240,0.162347,42,0,15.123290
781875000,0.965973,0.965973,0.068053,0.324580,0.213440,42,0,15.132648
783000000,0.965973,0.965973,0.046273,0.346520,0.200749,42,0,15.138772
784125000,0.965973,0.965973,0.048913,0.325720,0.252289,42,0,15.157175
785250000,0.965973,0.965973,0.065413,0.328200,0.255562,42,0,15.158531
786375000,0.965973,0.965973,0.046273,0.328220,0.256147,42,0,15.170798
787500000,0.965973,0.965973,0.069913,0.313340,0.207840,42,0,15.161857
788625000,0.965973,0.965973,0.048913,0.320400,0.220982,42,0,15.159038
789750000,0.965973,0.965973,0.057793,0.305700,0.173400,42,0,15.163761
790875000,0.965973,0.965973,0.069373,0.307520,0.262573,42,0,15.165419
792000000,0.965973,0.965973,0.065413,0.305780,0.166840,42,0,15.160063
793125000,0.965973,0.965973,0.060793,0.304900,0.225453,42,0,15.143106
794250000,0.965973,0.965973,0.064093,0.292320,0.162773,42,0,15.136235
795375000,0.965973,0.965973,0.066073,0.294160,0.197467,42,0,15.175453
796500000,0.965973,0.965973,0.070033,0.332160,0.254373,42,0,15.178734
797625000,0.965973,0.965973,0.066013,0.314980,0.164707,42,0,15.178836
798750000,0.965973,0.965973,0.048913,0.340280,0.225747,42,0,15.181320
799875000,0.965973,0.965973,0.050233,0.312180,0.174187,42,0,15.195064
801000000,0.965973,0.965973,0.048913,0.327880,0.249587,42,0,15.203434
802125000,0.965973,0.965973,0.046273,0.332600,0.263787,43,0,15.227380
803250000,0.975227,0.975227,0.055453,0.328720,0.206813,43,0,15.245391
804375000,0.975227,0.975227,0.069373,0.335480,0.208511,43,0,15.221246
805500000,0.975227,0.975227,0.046933,0.318600,0.223320,43,0,15.216756
806625000,0.975227,0.975227,0.071353,0.299420,0.199542,43,0,15.195717
807750000,0.975227,0.975227,0.069373,0.278500,0.257378,43,0,15.180499
808875000,0.975227,0.975227,0.071353,0.291560,0.255149,43,0,15.175759
810000000,0.975227,0.975227,0.060133,0.287380,0.158213,43,0,15.177470
811125000,0.975227,0.975227,0.065653,0.302400,0.209120,43,0,15.151382
812250000,0.975227,0.975227,0.070033,0.279900,0.259360,43,0,15.147076
813375000,0.975227,0.975227,0.052633,0.291380,0.218040,43,0,15.135293
814500000,0.975227,0.975227,0.069373,0.287860,0.198069,43,0,15.151977
815625000,0.975227,0.975227,0.044953,0.308360,0.247880,43,0,15.170362
816750000,0.975227,0.975227,0.068713,0.317680,0.254440,43,0,15.169083
817875000,0.975227,0.975227,0.066073,0.320560,0.170053,43,0,15.168160
819000000,0.975227,0.975227,0.049573,0.325120,0.202749,43,0,15.169110
820125000,0.975227,0.975227,0.046273,0.321700,0.227027,43,0,15.168929
821250000,0.975227,0.975227,0.057373,0.303640,0.183040,43,0,15.184850
822375000,0.975227,0.975227,0.072013,0.307860,0.214400,43,0,15.158163
823500000,0.975227,0.975227,0.059473,0.292360,0.222031,43,0,15.137618
824625000,0.975227,0.975227,0.069373,0.289080,0.208693,43,0,15.123554
825750000,0.975227,0.975227,0.070033,0.281200,0.254080,43,0,15.117064
826875000,0.975227,0.975227,0.046633,0.299880,0.254191,43,0,15.147093
828000000,0.984480,0.984480,0.068713,0.305440,0.258440,44,0,15.150376
829125000,0.984480,0.984480,0.048913,0.324560,0.211053,44,0,15.165656
830250000,0.984480,0.984480,0.068713,0.317720,0.262147,44,0,15.166162
831375000,0.984480,0.984480,0.071353,0.307000,0.256013,44,0,15.154867
832500000,0.984480,0.984480,0.061993,0.304460,0.217973,44,0,15.124959
833625000,0.984480,0.984480,0.063433,0.285300,0.223747,44,0,15.108047
834750000,0.984480,0.984480,0.070033,0.283560,0.257293,44,0,15.098408
835875000,0.984480,0.984480,0.048913,0.300540,0.161493,44,0,15.116426
837000000,0.984480,0.984480,0.067393,0.310180,0.215709,44,0,15.109919
838125000,0.984480,0.984480,0.067993,0.293260,0.223747,44,0,15.078781
839250000,0.984480,0.984480,0.064753,0.282020,0.210849,44,0,15.062121
840375000,0.984480,0.984480,0.053173,0.282060,0.244156,45,0,15.081178
841500000,0.993733,0.993733,0.064753,0.308960,0.209413,45,0,15.067038
842625000,0.993733,0.993733,0.050233,0.299580,0.211907,45,0,15.056705
843750000,0.993733,0.993733,0.062773,0.297220,0.213187,45,0,15.037086
844875000,0.993733,0.993733,0.049573,0.299620,0.223320,45,0,15.046496
846000000,0.993733,0.993733,0.048133,0.310340,0.164773,45,0,15.076377
847125000,0.993733,0.993733,0.065413,0.316460,0.258440,45,0,15.081778
848250000,0.993733,0.993733,0.064153,0.327780,0.204747,45,0,15.122644
849375000,0.993733,0.991313,0.066733,0.352180,0.229520,45,0,15.096792
850500000,0.993733,0.991313,0.066073,0.321440,0.169267,45,0,15.089132
851625000,0.993733,0.991313,0.070693,0.304940,0.227362,45,0,15.071710
852750000,0.993733,0.991313,0.048253,0.327000,0.216827,45,0,15.079776
853875000,0.993733,0.991313,0.046933,0.324140,0.224569,45,0,15.069824
855000000,0.993733,0.991313,0.067393,0.304760,0.213907,45,0,15.051496
856125000,0.993733,0.991313,0.065893,0.291200,0.221253,45,0,15.024044
857250000,0.993733,0.991313,0.067393,0.283320,0.213120,45,0,15.003518
858375000,0.993733,0.991313,0.067393,0.284580,0.216827,45,0,14.991145
859500000,0.993733,0.991313,0.048253,0.295200,0.253520,45,0,15.015122
860625000,0.993733,0.991313,0.048253,0.322620,0.173489,45,0,15.052477
861750000,0.993733,0.991313,0.068713,0.321400,0.175333,45,0,15.047826
862875000,0.993733,0.991313,0.044293,0.331600,0.171936,45,0,15.070833
864000000,0.993733,0.991313,0.054073,0.325320,0.204320,45,0,15.105772
865125000,0.993733,0.988893,0.070033,0.370420,0.209120,45,0,15.076905
866250000,0.993733,0.988893,0.046933,0.332100,0.209480,45,0,15.069237
867375000,0.993733,0.988893,0.070033,0.314940,0.213480,45,0,15.048800
868500000,0.993733,0.988893,0.046933,0.304640,0.208056,45,0,15.036942
869625000,0.993733,0.988893,0.047593,0.300660,0.209840,45,0,15.031621
870750000,0.993733,0.988893,0.047593,0.299380,0.229027,45,0,15.029553
871875000,0.993733,0.988893,0.048493,0.293900,0.215187,45,0,15.022045
873000000,0.993733,0.988893,0.065413,0.294860,0.217187,45,0,15.003187
874125000,0.993733,0.988893,0.068713,0.305460,0.209907,45,0,14.993479
875250000,0.993733,0.988893,0.064753,0.280820,0.208627,45,0,14.975110
876375000,0.993733,0.988893,0.064093,0.277700,0.210880,45,0,15.000569
877500000,0.993733,0.988893,0.045253,0.314040,0.212267,45,0,15.000569
878625000,0.993733,0.988893,0.047593,0.323400,0.169627,45,0,15.018655
879750000,0.993733,0.988893,0.066733,0.336580,0.220467,45,0,15.013140
880875000,0.993733,0.988893,0.043633,0.333080,0.253909,45,0,15.035729
882000000,0.993733,0.988893,0.069373,0.323760,0.206453,45,0,15.038680
883125000,0.993733,0.988893,0.048493,0.335780,0.222471,45,0,15.028222
884250000,0.993733,0.988893,0.050233,0.324480,0.212093,45,0,15.066506
885375000,0.993733,0.988893,0.046933,0.339760,0.204000,45,0,15.067834
886500000,0.993733,0.988893,0.065413,0.336360,0.227027,45,0,15.044185
887625000,1.002987,0.998147,0.042973,0.330640,0.205989,46,0,15.064590
888750000,1.002987,0.998147,0.063433,0.330040,0.167200,46,0,15.056332
889875000,1.002987,0.998147,0.046933,0.334500,0.210453,46,0,15.098159
891000000,1.002987,0.998147,0.066073,0.352920,0.217187,46,0,15.071163
892125000,1.002987,0.998147,0.064093,0.330460,0.193400,46,0,15.090961
893250000,1.002987,0.998147,0.066733,0.334160,0.243320,46,0,15.088971
894375000,1.002987,0.998147,0.066073,0.331360,0.223320,46,0,15.066851
895500000,1.002987,0.998147,0.064093,0.303840,0.251947,46,0,15.064010
896625000,1.002987,0.995727,0.050833,0.327840,0.232256,46,0,15.057078
897750000,1.002987,0.995727,0.064753,0.315740,0.223680,46,0,15.039346
898875000,1.002987,0.995727,0.050953,0.296780,0.209480,46,0,15.027560
